exhibit1_line,fn_reference,station,capacity_mw,capital_m,classification,voltage_kv,inference_method,evidence,sub_project_names,confidence
1,FN000507,HAGUE,1.5,3.03,distribution,<=13.2,named_substation_d_side_only,"Named substation 'HAGUE' in Exhibit 1. All capital in D-side cost centres (C_DS=$0k, C_DL=$3,029k). FinalData sub-project InvestTypes: ['D_Line'].",*Hague Rd 52 - Convert Delta Route 22 [D_Line],high
2,FN010416,GREENBUSH,2.2,0.82,distribution,<=13.2,named_substation_d_side_only,"Named substation 'GREENBUSH' in Exhibit 1. All capital in D-side cost centres (C_DS=$0k, C_DL=$821k). FinalData sub-project InvestTypes: ['D_Line'].",07856 Phillips Rd Conversion [D_Line],high
3,FN010097,Sawyer Ave,12.0,3.62,distribution,<=13.2,named_substation_mixed_capital,"Named substation 'Sawyer Ave' in Exhibit 1 — this identifies it as a distribution project. However, 18% of capital is T-side (C_TS=$650k, C_TL=$0k out of $3,622k total). This is typical for distribution area studies that require upgrades at the feeding sub-TX substation. FinalData sub-project InvestTypes: ['D_Line', 'T_Station']. Classified as distribution because the project is named after a distribution substation and the majority of capital is D-side.",25H Cable- New UG 23kV Cable [D_Line]; Sawyer Station - New 25H Bkr Pos [T_Station],medium
4,FN000138,BRUNSWICK,2.2,0.31,distribution,<=13.2,named_substation_d_side_only,"Named substation 'BRUNSWICK' in Exhibit 1. All capital in D-side cost centres (C_DS=$0k, C_DL=$312k). FinalData sub-project InvestTypes: ['D_Line'].",26453 South Rd. Conversion [D_Line],high
5,FN002420,STARR RD.,2.6,1.2,distribution,<=13.2,named_substation_d_side_only,"Named substation 'STARR RD.' in Exhibit 1. All capital in D-side cost centres (C_DS=$0k, C_DL=$1,204k). FinalData sub-project InvestTypes: ['D_Line'].",33452 NY-43 Conversion [D_Line],high
6,FN014043,New 3rd Ave Substation,40.0,45.99,distribution,<=13.2,named_substation_d_side_only,"Named substation 'New 3rd Ave Substation' in Exhibit 1. All capital in D-side cost centres (C_DS=$25,424k, C_DL=$20,564k). FinalData sub-project InvestTypes: ['D_Line', 'D_Station'].",3rd Ave Ext Greenfield: Substation [D_Station]; Rensselaer Area Study: D-Line [D_Line],high
7,FN000570,THOUSAND ISLANDS,0.33,0.35,distribution,<=13.2,named_substation_d_side_only,"Named substation 'THOUSAND ISLANDS' in Exhibit 1. All capital in D-side cost centres (C_DS=$0k, C_DL=$350k). FinalData sub-project InvestTypes: ['D_Line'].",81452 Westminster Park Rd - Rebuild [D_Line],high
8,FN014243,ALTAMONT,26.5,8.44,distribution,<=13.2,named_substation_d_side_only,"Named substation 'ALTAMONT' in Exhibit 1. All capital in D-side cost centres (C_DS=$8,439k, C_DL=$0k). FinalData sub-project InvestTypes: ['D_Station'].",Altamont TB2 Replacement [D_Station],high
9,FN011042,Avenue A,6.4,25.93,distribution,<=13.2,named_substation_d_side_only,"Named substation 'Avenue A' in Exhibit 1. All capital in D-side cost centres (C_DS=$20,894k, C_DL=$5,035k). FinalData sub-project InvestTypes: ['D_Line', 'D_Station'].",Avenue A Station Rebuild/Retirement [D_Station]; Delaware D-Line [D_Line]; Riverside - 34.5 kV Line Reactors [D_Station],high
10,FN011558,BAKER STREET,5.0,3.8,distribution,<=13.2,named_substation_d_side_only,"Named substation 'BAKER STREET' in Exhibit 1. All capital in D-side cost centres (C_DS=$0k, C_DL=$3,802k). FinalData sub-project InvestTypes: ['D_Line'].",BakerSt 56 Delta Conversion Phase 1 [D_Line],high
11,FN011559,BAKER STREET,5.0,5.11,distribution,<=13.2,named_substation_d_side_only,"Named substation 'BAKER STREET' in Exhibit 1. All capital in D-side cost centres (C_DS=$0k, C_DL=$5,110k). FinalData sub-project InvestTypes: ['D_Line'].",BakerSt 56 Delta Conversion Phase 2 [D_Line],high
12,FN011978,BALLSTON,17.6,7.06,distribution,<=13.2,named_substation_mixed_capital,"Named substation 'BALLSTON' in Exhibit 1 — this identifies it as a distribution project. However, 48% of capital is T-side (C_TS=$3,415k, C_TL=$0k out of $7,062k total). This is typical for distribution area studies that require upgrades at the feeding sub-TX substation. FinalData sub-project InvestTypes: ['D_Line', 'T_Station']. Classified as distribution because the project is named after a distribution substation and the majority of capital is D-side.",Ballston Rebuild: D-Line [D_Line]; Ballston Rebuild: Substation [T_Station],medium
13,FN014323,Beech,40.0,51.26,distribution,<=13.2,named_substation_d_side_only,"Named substation 'Beech' in Exhibit 1. All capital in D-side cost centres (C_DS=$37,009k, C_DL=$14,249k). FinalData sub-project InvestTypes: ['D_Line', 'D_Station'].",Beech Ave Substation Retirement [D_Station]; Eleventh St Substation Retirement [D_Station]; New College Ave Substation [D_Station]; Northern Niagara Falls D-line [D_Line]; Rebuild Lockport Rd Substation [D_Station],high
14,FN012619,Belmont,10.0,2.69,distribution,<=13.2,named_substation_d_side_only,"Named substation 'Belmont' in Exhibit 1. All capital in D-side cost centres (C_DS=$0k, C_DL=$2,688k). FinalData sub-project InvestTypes: ['D_Line'].","Belmont upgrade, Sub [D_Line]",high
15,FN002393,BETHLEHEM,0.5,0.51,distribution,<=13.2,named_substation_d_side_only,"Named substation 'BETHLEHEM' in Exhibit 1. All capital in D-side cost centres (C_DS=$0k, C_DL=$512k). FinalData sub-project InvestTypes: ['D_Line'].",Bethlehem 02158 Conversion [D_Line],high
16,FN012008,BETHLEHEM,1.0,1.6,distribution,<=13.2,named_substation_d_side_only,"Named substation 'BETHLEHEM' in Exhibit 1. All capital in D-side cost centres (C_DS=$0k, C_DL=$1,603k). FinalData sub-project InvestTypes: ['D_Line'].",Bethlehem 55 Delta Conversion [D_Line],high
17,FN011227,Birch Avenue,1.5,2.01,distribution,<=13.2,named_substation_d_side_only,"Named substation 'Birch Avenue' in Exhibit 1. All capital in D-side cost centres (C_DS=$0k, C_DL=$2,008k). FinalData sub-project InvestTypes: ['D_Line'].",Birch Ave 51 - Route 9N Conversion [D_Line]; Birch Ave 51 Route 9N Extension [D_Line]; Scofield Rd 51 Feeder [D_Line],high
18,FN012140,Birch Avenue,24.6,50.15,distribution,<=13.2,named_substation_d_side_only,"Named substation 'Birch Avenue' in Exhibit 1. All capital in D-side cost centres (C_DS=$50,154k, C_DL=$0k). FinalData sub-project InvestTypes: ['D_Station'].",Birch Ave Station Retirement [D_Station]; Bolton Station Rebuild [D_Station]; Lake George Station [D_Station]; Warrensburg Rebuild [D_Station],high
19,FN011964,Gabriels Station,4.0,6.83,distribution,<=13.2,named_substation_d_side_only,"Named substation 'Gabriels Station' in Exhibit 1. All capital in D-side cost centres (C_DS=$3,829k, C_DL=$3,001k). FinalData sub-project InvestTypes: ['D_Line', 'D_Station'].",Bloomingdale/Gabriels D-Line [D_Line]; Bloomingdale/Gabriels Rebuild [D_Station],high
20,FN011975,Boyntonville,32.5,33.17,distribution,<=13.2,named_substation_d_side_only,"Named substation 'Boyntonville' in Exhibit 1. All capital in D-side cost centres (C_DS=$28,716k, C_DL=$4,455k). FinalData sub-project InvestTypes: ['D_Line', 'D_Station'].",Boyntonville Rebuild: D-Line [D_Line]; Boyntonville Rebuild: Substation [D_Station],high
21,FN011363,Bridgeport,15.0,10.0,distribution,<=13.2,named_substation_d_side_only,"Named substation 'Bridgeport' in Exhibit 1. All capital in D-side cost centres (C_DS=$9,996k, C_DL=$0k). FinalData sub-project InvestTypes: ['D_Station'].",Bridgeport add second bank [D_Station],high
22,FN012610,Bridgeport,15.0,2.74,distribution,<=13.2,named_substation_d_side_only,"Named substation 'Bridgeport' in Exhibit 1. All capital in D-side cost centres (C_DS=$0k, C_DL=$2,742k). FinalData sub-project InvestTypes: ['D_Line'].","Bridgeport Upgrade, Sub [D_Line]",high
23,FN011439,Brook Road,43.4,2.44,distribution,<=13.2,named_substation_d_side_only,"Named substation 'Brook Road' in Exhibit 1. All capital in D-side cost centres (C_DS=$2,438k, C_DL=$0k). FinalData sub-project InvestTypes: ['D_Station'].",Brook Road Rebuild [D_Station],high
24,FN011352,Brunswick,12.5,26.31,distribution,<=13.2,named_substation_d_side_only,"Named substation 'Brunswick' in Exhibit 1. All capital in D-side cost centres (C_DS=$26,309k, C_DL=$0k). FinalData sub-project InvestTypes: ['D_Station'].",Brunswick Rebuild: Substation [D_Station],high
25,FN011997,Buckley,32.5,27.13,distribution,<=13.2,named_substation_d_side_only,"Named substation 'Buckley' in Exhibit 1. All capital in D-side cost centres (C_DS=$11,461k, C_DL=$15,669k). FinalData sub-project InvestTypes: ['D_Line', 'D_Station'].",Buckley Corners D-Line [D_Line]; Buckley Corners Station Rebuild [D_Station],high
26,FN011369,Buffalo Station 63,5.25,4.86,distribution,<=13.2,named_substation_d_side_only,"Named substation 'Buffalo Station 63' in Exhibit 1. All capital in D-side cost centres (C_DS=$2,412k, C_DL=$2,444k). FinalData sub-project InvestTypes: ['D_Line', 'D_Station'].",Buff Sta 63 add 4th Bank SUB [D_Station]; Buff Sta 63 add 4th Bank Sub-T [D_Line],high
27,FN012851,54 MAIN,5.0,8.27,distribution,<=13.2,named_substation_d_side_only,"Named substation '54 MAIN' in Exhibit 1. All capital in D-side cost centres (C_DS=$0k, C_DL=$8,274k). FinalData sub-project InvestTypes: ['D_Line'].",Buff Station 54 - DLine Conversion [D_Line],high
28,FN012851A,Buffalo Station 54,40.0,14.01,distribution,<=13.2,named_substation_d_side_only,"Named substation 'Buffalo Station 54' in Exhibit 1. All capital in D-side cost centres (C_DS=$14,010k, C_DL=$0k). FinalData sub-project InvestTypes: ['D_Station'].",Buff Station 54 - Sta. Rebuild [D_Station],high
29,FN012817,61 STATION 61,5.0,16.83,distribution,<=13.2,named_substation_d_side_only,"Named substation '61 STATION 61' in Exhibit 1. All capital in D-side cost centres (C_DS=$0k, C_DL=$16,834k). FinalData sub-project InvestTypes: ['D_Line'].",Buff Station 61 - DLine Conversion [D_Line],high
30,FN005875,Buffalo Station 122,6.0,22.5,distribution,<=13.2,named_substation_d_side_only,"Named substation 'Buffalo Station 122' in Exhibit 1. All capital in D-side cost centres (C_DS=$17,406k, C_DL=$5,096k). FinalData sub-project InvestTypes: ['D_Line', 'D_Station'].",Buffalo Station 122 Rebuild - Line. [D_Line]; Buffalo Station 122 Rebuild - Sub [D_Station],high
31,FN005840,Buffalo Station 25,9.0,18.72,distribution,<=13.2,named_substation_d_side_only,"Named substation 'Buffalo Station 25' in Exhibit 1. All capital in D-side cost centres (C_DS=$15,890k, C_DL=$2,831k). FinalData sub-project InvestTypes: ['D_Line', 'D_Station'].",Buffalo Station 25 Rebuild - 23 kV [D_Line]; Buffalo Station 25 Rebuild - Line [D_Line]; Buffalo Station 25 Rebuild - Sta [D_Station],high
32,FN005818,30 SPILLMAN,9.0,28.08,distribution,<=13.2,named_substation_d_side_only,"Named substation '30 SPILLMAN' in Exhibit 1. All capital in D-side cost centres (C_DS=$27,148k, C_DL=$935k). FinalData sub-project InvestTypes: ['D_Line', 'D_Station'].",Buffalo Station 30 - Rebuild - 23kV [D_Line]; Buffalo Station 30 - Rebuild - Fdrs [D_Line]; Buffalo Station 30 Rebuild - Sta [D_Station],high
33,FN005832,31 STATION,9.0,29.65,distribution,<=13.2,named_substation_d_side_only,"Named substation '31 STATION' in Exhibit 1. All capital in D-side cost centres (C_DS=$27,070k, C_DL=$2,582k). FinalData sub-project InvestTypes: ['D_Line', 'D_Station'].",Buffalo Station 31 Rebuild - 23 kV [D_Line]; Buffalo Station 31 Rebuild - Line [D_Line]; Buffalo Station 31 Rebuild - Sub [D_Station],high
34,FN005771,32 BAILEY,9.0,40.89,distribution,<=13.2,named_substation_d_side_only,"Named substation '32 BAILEY' in Exhibit 1. All capital in D-side cost centres (C_DS=$32,772k, C_DL=$8,121k). FinalData sub-project InvestTypes: ['D_Line', 'D_Station'].",Buffalo Station 32 Rebuild - 23 kV [D_Line]; Buffalo Station 32 Rebuild - Line [D_Line]; Buffalo Station 32 Rebuild - Sta [D_Station],high
35,FN005819,34 BEST ST.,9.0,15.2,distribution,<=13.2,named_substation_d_side_only,"Named substation '34 BEST ST.' in Exhibit 1. All capital in D-side cost centres (C_DS=$12,460k, C_DL=$2,740k). FinalData sub-project InvestTypes: ['D_Line', 'D_Station'].",Buffalo Station 34 Rebuild - 23 kV [D_Line]; Buffalo Station 34 Rebuild - Line [D_Line]; Buffalo Station 34 Rebuild - Sub [D_Station],high
36,FN005842,35 WALDEN,9.0,23.17,distribution,<=13.2,named_substation_d_side_only,"Named substation '35 WALDEN' in Exhibit 1. All capital in D-side cost centres (C_DS=$20,000k, C_DL=$3,170k). FinalData sub-project InvestTypes: ['D_Line', 'D_Station'].",Buffalo Station 35 Rebuild - 23 kV [D_Line]; Buffalo Station 35 Rebuild - Line [D_Line]; Buffalo Station 35 Rebuild - Sub [D_Station],high
37,FN005791,38 SPRING,9.0,40.85,distribution,<=13.2,named_substation_d_side_only,"Named substation '38 SPRING' in Exhibit 1. All capital in D-side cost centres (C_DS=$25,137k, C_DL=$15,717k). FinalData sub-project InvestTypes: ['D_Line', 'D_Station'].",Buffalo Station 38 Rebuild - Line [D_Line]; Buffalo Station 38 Rebuild - Sub [D_Station],high
38,FN005820,41 STATION 41,9.0,15.2,distribution,<=13.2,named_substation_d_side_only,"Named substation '41 STATION 41' in Exhibit 1. All capital in D-side cost centres (C_DS=$12,460k, C_DL=$2,740k). FinalData sub-project InvestTypes: ['D_Line', 'D_Station'].",Buffalo Station 41 Rebuild - 23 kV [D_Line]; Buffalo Station 41 Rebuild - Line [D_Line]; Buffalo Station 41 Rebuild - Sub [D_Station],high
39,FN010096,Buffalo Station 45,9.0,31.69,distribution,<=13.2,named_substation_d_side_only,"Named substation 'Buffalo Station 45' in Exhibit 1. All capital in D-side cost centres (C_DS=$29,861k, C_DL=$1,832k). FinalData sub-project InvestTypes: ['D_Line', 'D_Station'].",Buffalo Station 45 Rebuild -Line [D_Line]; Buffalo Station 45 Rebuild -Sub [D_Station]; Buffalo Station 45 Rebuild -SubT [D_Line],high
40,FN005821,51 ELK ST,9.0,33.54,distribution,<=13.2,named_substation_d_side_only,"Named substation '51 ELK ST' in Exhibit 1. All capital in D-side cost centres (C_DS=$31,896k, C_DL=$1,648k). FinalData sub-project InvestTypes: ['D_Line', 'D_Station'].",Buffalo Station 51 Rebuild - 23 kV [D_Line]; Buffalo Station 51 Rebuild - Line [D_Line]; Buffalo Station 51 Rebuild - Sub [D_Station],high
41,FN005822,68 ELMWOOD,9.0,15.2,distribution,<=13.2,named_substation_d_side_only,"Named substation '68 ELMWOOD' in Exhibit 1. All capital in D-side cost centres (C_DS=$12,460k, C_DL=$2,739k). FinalData sub-project InvestTypes: ['D_Line', 'D_Station'].",Buffalo Station 68 Rebuild - 23 kV [D_Line]; Buffalo Station 68 Rebuild - Line [D_Line]; Buffalo Station 68 Rebuild - Sub [D_Station],high
42,FN011290,New Buffalo Station 97,15.0,36.44,distribution,<=13.2,named_substation_d_side_only,"Named substation 'New Buffalo Station 97' in Exhibit 1. All capital in D-side cost centres (C_DS=$32,465k, C_DL=$3,978k). FinalData sub-project InvestTypes: ['D_Line', 'D_Station'].",Buffalo Station 97 D-Line [D_Line]; Buffalo Station 97 LAND [D_Station]; Buffalo Station 97 New Sub [D_Station],high
43,FN014248,Burdeck,19.9,27.48,distribution,<=13.2,named_substation_d_side_only,"Named substation 'Burdeck' in Exhibit 1. All capital in D-side cost centres (C_DS=$27,484k, C_DL=$0k). FinalData sub-project InvestTypes: ['D_Station'].",Burdeck Station Rebuild [D_Station]; Sunny Side - Substation [D_Station],high
44,FN014222,Burgoyne,8.8,0.67,distribution,<=13.2,named_substation_d_side_only,"Named substation 'Burgoyne' in Exhibit 1. All capital in D-side cost centres (C_DS=$0k, C_DL=$673k). FinalData sub-project InvestTypes: ['D_Line'].",Burgoyne 52- 336 TS Conductor Pilot [D_Line],high
45,FN011414,Burgoyne,17.6,31.56,distribution,<=13.2,named_substation_d_side_only,"Named substation 'Burgoyne' in Exhibit 1. All capital in D-side cost centres (C_DS=$31,559k, C_DL=$0k). FinalData sub-project InvestTypes: ['D_Station'].",Burgoyne Station Rebuild [D_Station],high
46,FN012964,171 BURT,5.0,13.23,distribution,<=13.2,named_substation_d_side_only,"Named substation '171 BURT' in Exhibit 1. All capital in D-side cost centres (C_DS=$515k, C_DL=$12,712k). FinalData sub-project InvestTypes: ['D_Line', 'D_Station'].",Burt 171 Ph1 D-Line Boutique [D_Line]; Burt 171 Ph2 D-Line Boutique [D_Line]; Burt 171 Ph2 Sub-T Boutique [D_Station]; Burt 171 Ph3 D-Line Boutique [D_Line],high
47,FN011413,Butler,17.6,26.05,distribution,<=13.2,named_substation_d_side_only,"Named substation 'Butler' in Exhibit 1. All capital in D-side cost centres (C_DS=$26,047k, C_DL=$0k). FinalData sub-project InvestTypes: ['D_Station'].",Butler Transformer Upgrade 40MVA [D_Station],high
48,FN012612,Butternut,15.0,2.44,distribution,<=13.2,named_substation_d_side_only,"Named substation 'Butternut' in Exhibit 1. All capital in D-side cost centres (C_DS=$0k, C_DL=$2,444k). FinalData sub-project InvestTypes: ['D_Line'].","Butternut Upgrade, Sub [D_Line]",high
49,FN011415,Cedar,15.0,1.74,distribution,<=13.2,named_substation_d_side_only,"Named substation 'Cedar' in Exhibit 1. All capital in D-side cost centres (C_DS=$1,738k, C_DL=$0k). FinalData sub-project InvestTypes: ['D_Station'].",Cedar Station Rebuild [D_Station],high
50,FN012138,Chestertown,34.5,135.68,distribution,<=13.2,named_substation_d_side_only,"Named substation 'Chestertown' in Exhibit 1. All capital in D-side cost centres (C_DS=$30,539k, C_DL=$105,140k). FinalData sub-project InvestTypes: ['D_Line', 'D_Station'].",Chestertown Station Retirement [D_Station]; Chestertown-N. Creek 2 Rebuild OH [D_Line]; Chestertown-N.Creek #2 Rebuild UG [D_Line]; Chestertown-Schroon #3 Reconductor [D_Line]; Knapp Road D-Line [D_Line]; Knapp Road Station [D_Station]; North Creek Station Rebuild [D_Station]; Southern Adirondack D-Line Work [D_Line]; W'burg-Chestertown 6 Reconductor OH [D_Line],high
51,FN011946,New Cicero Substation,80.0,49.29,distribution,<=13.2,named_substation_d_side_only,"Named substation 'New Cicero Substation' in Exhibit 1. All capital in D-side cost centres (C_DS=$35,188k, C_DL=$14,106k). FinalData sub-project InvestTypes: ['D_Line', 'D_Station'].",Cicero D-Line [D_Line]; Cicero sub Control House [D_Station]; Cicero Substation [D_Station],high
52,FN014417,Cleveland,7.0,18.34,distribution,<=13.2,named_substation_d_side_only,"Named substation 'Cleveland' in Exhibit 1. All capital in D-side cost centres (C_DS=$0k, C_DL=$18,336k). FinalData sub-project InvestTypes: ['D_Line'].",Cleveland D-Line [D_Line]; Constantia D-Line Sub [D_Line]; West Cleveland D-line [D_Line]; West Monroe D-line [D_Line],high
53,FN011920,COBLESKILL,9.4,6.91,distribution,<=13.2,named_substation_d_side_only,"Named substation 'COBLESKILL' in Exhibit 1. All capital in D-side cost centres (C_DS=$3,723k, C_DL=$3,190k). FinalData sub-project InvestTypes: ['D_Line', 'D_Station'].",Cobleskill D-Line 4.8 to 13.2 kV Conversion [D_Line]; Cobleskill Station 4.8 to 13.2 kV Conversion [D_Station],high
54,FN011848,Coffeen,5.0,2.27,distribution,<=13.2,named_substation_d_side_only,"Named substation 'Coffeen' in Exhibit 1. All capital in D-side cost centres (C_DS=$0k, C_DL=$2,270k). FinalData sub-project InvestTypes: ['D_Line'].",Coffeen 56 Delta Conversion [D_Line],high
55,FN006634,RUSSELL RD,1.0,4.64,distribution,<=13.2,named_substation_d_side_only,"Named substation 'RUSSELL RD' in Exhibit 1. All capital in D-side cost centres (C_DS=$0k, C_DL=$4,635k). FinalData sub-project InvestTypes: ['D_Line'].",Commerce D Line [D_Line],high
56,FN006637,Commerce,4.4,10.47,distribution,<=13.2,named_substation_d_side_only,"Named substation 'Commerce' in Exhibit 1. All capital in D-side cost centres (C_DS=$10,466k, C_DL=$0k). FinalData sub-project InvestTypes: ['D_Station'].",Commerce Station [D_Station],high
57,FN011440,Corinth,9.5,28.72,distribution,<=13.2,named_substation_d_side_only,"Named substation 'Corinth' in Exhibit 1. All capital in D-side cost centres (C_DS=$28,716k, C_DL=$0k). FinalData sub-project InvestTypes: ['D_Station'].",Corinth Rebuild [D_Station],high
58,FN010312,Vail Mills,2.5,0.21,distribution,<=13.2,named_substation_d_side_only,"Named substation 'Vail Mills' in Exhibit 1. All capital in D-side cost centres (C_DS=$0k, C_DL=$206k). FinalData sub-project InvestTypes: ['D_Line'].",County Hwy 138 OL Ratio Broadalbin [D_Line],high
60,FN011976,CURTIS GREENFIELD,40.0,24.12,distribution,<=13.2,named_substation_d_side_only,"Named substation 'CURTIS GREENFIELD' in Exhibit 1. All capital in D-side cost centres (C_DS=$17,110k, C_DL=$7,012k). FinalData sub-project InvestTypes: ['D_Line', 'D_Station'].",Curtis Greenfield: D-Line [D_Line]; Curtis Greenfield: Substation [D_Station],high
61,FN004729,Delanson,1.241,0.19,distribution,<=13.2,named_substation_d_side_only,"Named substation 'Delanson' in Exhibit 1. All capital in D-side cost centres (C_DS=$0k, C_DL=$188k). FinalData sub-project InvestTypes: ['D_Line'].",Delanson 51_3P Conv_E Esp. Braman [D_Line],high
62,FN004723,Delanson,1.241,0.24,distribution,<=13.2,named_substation_d_side_only,"Named substation 'Delanson' in Exhibit 1. All capital in D-side cost centres (C_DS=$0k, C_DL=$245k). FinalData sub-project InvestTypes: ['D_Line'].",Delanson 51_3P Conv_W Bramans Cor [D_Line],high
63,FN010831,Delanson,11.2,9.51,distribution,<=13.2,named_substation_d_side_only,"Named substation 'Delanson' in Exhibit 1. All capital in D-side cost centres (C_DS=$9,510k, C_DL=$0k). FinalData sub-project InvestTypes: ['D_Station'].",Delanson TB1 40 MVA Rebuild [D_Station],high
64,FN011939,Delmar,7.2,29.79,distribution,<=13.2,named_substation_d_side_only,"Named substation 'Delmar' in Exhibit 1. All capital in D-side cost centres (C_DS=$19,142k, C_DL=$10,653k). FinalData sub-project InvestTypes: ['D_Line', 'D_Station'].",Delmar 34.5kV Reconfiguration [D_Line]; Delmar Feeders Rebuild and Convert [D_Line]; Elsmere - Feeder Getaways [D_Line]; Elsmere Substation Rebuild [D_Station],high
65,FN011387A,Dorwin,2.0,8.66,distribution,<=13.2,named_substation_d_side_only,"Named substation 'Dorwin' in Exhibit 1. All capital in D-side cost centres (C_DS=$0k, C_DL=$8,663k). FinalData sub-project InvestTypes: ['D_Line'].",Dorwin D-lines [D_Line],high
66,FN011971,East Fulton,40.0,25.31,distribution,<=13.2,named_substation_d_side_only,"Named substation 'East Fulton' in Exhibit 1. All capital in D-side cost centres (C_DS=$0k, C_DL=$25,314k). FinalData sub-project InvestTypes: ['D_Line'].",E. Fulton Station Retirement D-Line [D_Line]; Whitaker station expansion [D_Line],high
67,FN011545,BATAVIA STATION,5.0,3.96,distribution,<=13.2,named_substation_d_side_only,"Named substation 'BATAVIA STATION' in Exhibit 1. All capital in D-side cost centres (C_DS=$0k, C_DL=$3,960k). FinalData sub-project InvestTypes: ['D_Line'].",East Batavia 55 Delta Conversion [D_Line],high
68,FN011544,EAST GOLAH,5.0,4.95,distribution,<=13.2,named_substation_d_side_only,"Named substation 'EAST GOLAH' in Exhibit 1. All capital in D-side cost centres (C_DS=$0k, C_DL=$4,950k). FinalData sub-project InvestTypes: ['D_Line'].",East Golah 52 Delta Conversion [D_Line],high
69,FN011543,EAST GOLAH,5.0,3.96,distribution,<=13.2,named_substation_d_side_only,"Named substation 'EAST GOLAH' in Exhibit 1. All capital in D-side cost centres (C_DS=$0k, C_DL=$3,960k). FinalData sub-project InvestTypes: ['D_Line'].",East Golah 55 Delta Conversion [D_Line],high
70,FN000216A,East Pulaski,15.6,10.67,distribution,<=13.2,named_substation_d_side_only,"Named substation 'East Pulaski' in Exhibit 1. All capital in D-side cost centres (C_DS=$10,666k, C_DL=$0k). FinalData sub-project InvestTypes: ['D_Station'].",East Pulaski Transformer Upgrade [D_Station],high
71,FN011402,East Schodack,15.31,26.31,distribution,<=13.2,named_substation_d_side_only,"Named substation 'East Schodack' in Exhibit 1. All capital in D-side cost centres (C_DS=$26,309k, C_DL=$0k). FinalData sub-project InvestTypes: ['D_Station'].",East Schodack Retirement [D_Station],high
72,FN010022,Sawyer Ave,20.0,7.7,distribution,<=13.2,named_substation_d_side_only,"Named substation 'Sawyer Ave' in Exhibit 1. All capital in D-side cost centres (C_DS=$0k, C_DL=$7,700k). FinalData sub-project InvestTypes: ['D_Line'].",Elmwood 23kV Cable Group [D_Line],high
73,FN012052,Delameter,40.0,12.03,distribution,<=13.2,named_substation_d_side_only,"Named substation 'Delameter' in Exhibit 1. All capital in D-side cost centres (C_DS=$0k, C_DL=$12,025k). FinalData sub-project InvestTypes: ['D_Line'].",EV RS - Angola -D-line [D_Line],high
74,FN012051,Delameter,40.0,20.5,distribution,<=13.2,named_substation_d_side_only,"Named substation 'Delameter' in Exhibit 1. All capital in D-side cost centres (C_DS=$20,500k, C_DL=$0k). FinalData sub-project InvestTypes: ['D_Station'].",EV RS - Angola -Sub [D_Station],high
76,FN012062,Bridgeport,22.0,11.35,distribution,<=13.2,named_substation_d_side_only,"Named substation 'Bridgeport' in Exhibit 1. All capital in D-side cost centres (C_DS=$0k, C_DL=$11,350k). FinalData sub-project InvestTypes: ['D_Line'].",EV RS - Chittenango-D-line [D_Line],high
77,FN012061,Bridgeport,25.0,23.05,distribution,<=13.2,named_substation_d_side_only,"Named substation 'Bridgeport' in Exhibit 1. All capital in D-side cost centres (C_DS=$23,050k, C_DL=$0k). FinalData sub-project InvestTypes: ['D_Station'].",EV RS - Chittenango-Sub [D_Station],high
78,FN012057,East Molloy,22.0,12.61,distribution,<=13.2,named_substation_d_side_only,"Named substation 'East Molloy' in Exhibit 1. All capital in D-side cost centres (C_DS=$0k, C_DL=$12,610k). FinalData sub-project InvestTypes: ['D_Line'].",EV RS - Dewitt-D-line [D_Line],high
79,FN012055,East Molloy,25.0,22.2,distribution,<=13.2,named_substation_d_side_only,"Named substation 'East Molloy' in Exhibit 1. All capital in D-side cost centres (C_DS=$22,200k, C_DL=$0k). FinalData sub-project InvestTypes: ['D_Station'].",EV RS - Dewitt-Sub [D_Station],high
80,FN012048,BATAVIA STATION,40.0,13.54,distribution,<=13.2,named_substation_d_side_only,"Named substation 'BATAVIA STATION' in Exhibit 1. All capital in D-side cost centres (C_DS=$0k, C_DL=$13,535k). FinalData sub-project InvestTypes: ['D_Line'].",EV RS - Pembroke (Flying J)-D-line [D_Line],high
81,FN012041,BATAVIA STATION,40.0,22.77,distribution,<=13.2,named_substation_d_side_only,"Named substation 'BATAVIA STATION' in Exhibit 1. All capital in D-side cost centres (C_DS=$22,770k, C_DL=$0k). FinalData sub-project InvestTypes: ['D_Station'].",EV RS - Pembroke (Flying J)-Sub [D_Station],high
82,FN014033,Everett,15.0,5.75,distribution,<=13.2,named_substation_mixed_capital,"Named substation 'Everett' in Exhibit 1 — this identifies it as a distribution project. However, 27% of capital is T-side (C_TS=$1,576k, C_TL=$0k out of $5,753k total). This is typical for distribution area studies that require upgrades at the feeding sub-TX substation. FinalData sub-project InvestTypes: ['D_Line', 'D_Station', 'T_Station']. Classified as distribution because the project is named after a distribution substation and the majority of capital is D-side.",Everett Station Rebuild [D_Station]; Genesee Station Retirement [D_Line]; Menands Station Rebuild [T_Station]; RR-Menands 10157-Getaway Replacemen [D_Line],medium
83,FN013818,64 STATION 64,4.572614132,1.01,distribution,<=13.2,named_substation_d_side_only,"Named substation '64 STATION 64' in Exhibit 1. All capital in D-side cost centres (C_DS=$0k, C_DL=$1,011k). FinalData sub-project InvestTypes: ['D_Line'].",F6458 Reconductor 4/0 Aerial Cable [D_Line],high
84,FN005770,Fayette St,41.5,64.62,distribution,<=13.2,named_substation_d_side_only,"Named substation 'Fayette St' in Exhibit 1. All capital in D-side cost centres (C_DS=$41,208k, C_DL=$23,411k). FinalData sub-project InvestTypes: ['D_Line', 'D_Station'].","Fayette St Line [D_Line]; Fayette St Substation [D_Station]; Galeville 71,72&73 fdrs conversion [D_Line]; Galeville Station Rebuild [D_Station]; Rebuild Ash 4160 [D_Line]",high
85,FN000459,FIREHOUSE,10.0,2.08,distribution,<=13.2,named_substation_d_side_only,"Named substation 'FIREHOUSE' in Exhibit 1. All capital in D-side cost centres (C_DS=$0k, C_DL=$2,083k). FinalData sub-project InvestTypes: ['D_Line'].",Firehouse 44951 [D_Line],high
86,FN011347,FIREHOUSE,15.0,3.37,distribution,<=13.2,named_substation_d_side_only,"Named substation 'FIREHOUSE' in Exhibit 1. All capital in D-side cost centres (C_DS=$3,365k, C_DL=$0k). FinalData sub-project InvestTypes: ['D_Station'].",Firehouse Rebuild: Substation [D_Station],high
87,FN006171,Florida,2.0,0.35,distribution,<=13.2,named_substation_d_side_only,"Named substation 'Florida' in Exhibit 1. All capital in D-side cost centres (C_DS=$0k, C_DL=$353k). FinalData sub-project InvestTypes: ['D_Line'].",Florida 52 - Route 30 Ratio Relief [D_Line],high
88,FN014455,FRENCH MOUNTAIN,5.0,0.35,distribution,<=13.2,named_substation_d_side_only,"Named substation 'FRENCH MOUNTAIN' in Exhibit 1. All capital in D-side cost centres (C_DS=$0k, C_DL=$350k). FinalData sub-project InvestTypes: ['D_Line'].",French Mountain TB#1 Repl D-Line [D_Line],high
89,FN013397,Geneseo,6.8,9.71,distribution,<=13.2,named_substation_d_side_only,"Named substation 'Geneseo' in Exhibit 1. All capital in D-side cost centres (C_DS=$9,705k, C_DL=$0k). FinalData sub-project InvestTypes: ['D_Station'].",Geneseo 55 Substation Rebuild [D_Station],high
90,FN013415,Geneseo,1.44,13.27,distribution,<=13.2,named_substation_d_side_only,"Named substation 'Geneseo' in Exhibit 1. All capital in D-side cost centres (C_DS=$0k, C_DL=$13,271k). FinalData sub-project InvestTypes: ['D_Line'].","Geneseo 5552, 10 Mile Voltage Con. [D_Line]",high
91,FN000195A,Gilbert Mills,15.0,13.67,distribution,<=13.2,named_substation_d_side_only,"Named substation 'Gilbert Mills' in Exhibit 1. All capital in D-side cost centres (C_DS=$13,668k, C_DL=$0k). FinalData sub-project InvestTypes: ['D_Station'].",Gilbert Mills Xfmr Upgrade-Xfmr [D_Station],high
92,FN011476,Gilmantown,10.0,5.42,distribution,<=13.2,named_substation_d_side_only,"Named substation 'Gilmantown' in Exhibit 1. All capital in D-side cost centres (C_DS=$5,423k, C_DL=$0k). FinalData sub-project InvestTypes: ['D_Station'].",Gilmantown Station Rebuild [D_Station],high
93,FN011422,GLOVERSVILLE,15.0,30.06,distribution,<=13.2,named_substation_d_side_only,"Named substation 'GLOVERSVILLE' in Exhibit 1. All capital in D-side cost centres (C_DS=$30,056k, C_DL=$0k). FinalData sub-project InvestTypes: ['D_Station'].",Gloversville Station Rebuild [D_Station],high
94,FN011970,GRANBY CENTER,32.9,34.17,distribution,<=13.2,named_substation_d_side_only,"Named substation 'GRANBY CENTER' in Exhibit 1. All capital in D-side cost centres (C_DS=$0k, C_DL=$34,166k). FinalData sub-project InvestTypes: ['D_Line'].",Granby Center Expansion [D_Line]; Third St. Retirement D-Line [D_Line],high
95,FN002240,Grand Island,15.0,10.62,distribution,<=13.2,named_substation_d_side_only,"Named substation 'Grand Island' in Exhibit 1. All capital in D-side cost centres (C_DS=$10,625k, C_DL=$0k). FinalData sub-project InvestTypes: ['D_Station'].",Grand Island Station Build [D_Station],high
96,FN011384,Grand Island,22.6,12.71,distribution,<=13.2,named_substation_d_side_only,"Named substation 'Grand Island' in Exhibit 1. All capital in D-side cost centres (C_DS=$12,709k, C_DL=$0k). FinalData sub-project InvestTypes: ['D_Station'].",Grand St Rebuild [D_Station],high
97,FN006457,GREENBUSH,12.5,2.18,distribution,<=13.2,named_substation_d_side_only,"Named substation 'GREENBUSH' in Exhibit 1. All capital in D-side cost centres (C_DS=$0k, C_DL=$2,185k). FinalData sub-project InvestTypes: ['D_Line'].",Greenbush 07857 [D_Line],high
98,FN011442,New Greenwich Substation,20.0,3.25,distribution,<=13.2,named_substation_d_side_only,"Named substation 'New Greenwich Substation' in Exhibit 1. All capital in D-side cost centres (C_DS=$3,252k, C_DL=$0k). FinalData sub-project InvestTypes: ['D_Station'].",Greenwich Greenfield: Substation [D_Station],high
99,FN011527,GROOMS,29.7,47.76,distribution,<=13.2,named_substation_d_side_only,"Named substation 'GROOMS' in Exhibit 1. All capital in D-side cost centres (C_DS=$38,360k, C_DL=$9,397k). FinalData sub-project InvestTypes: ['D_Line', 'D_Station'].",Grooms Rd Upgrade - D-Line [D_Line]; Grooms Rd upgrade to 55MVA Banks [D_Station],high
100,FN002374,HAGUE,4.0,1.73,distribution,<=13.2,named_substation_d_side_only,"Named substation 'HAGUE' in Exhibit 1. All capital in D-side cost centres (C_DS=$0k, C_DL=$1,733k). FinalData sub-project InvestTypes: ['D_Line'].",Hague Rd 53 - Alexandria Ave [D_Line],high
101,FN011445,Hague,17.6,31.66,distribution,<=13.2,named_substation_d_side_only,"Named substation 'Hague' in Exhibit 1. All capital in D-side cost centres (C_DS=$31,659k, C_DL=$0k). FinalData sub-project InvestTypes: ['D_Station'].",Hague Rd Rebuild [D_Station],high
102,FN011353,Hemstreet,12.5,1.99,distribution,<=13.2,named_substation_d_side_only,"Named substation 'Hemstreet' in Exhibit 1. All capital in D-side cost centres (C_DS=$1,992k, C_DL=$0k). FinalData sub-project InvestTypes: ['D_Station'].",Hemstreet Rebuild: Substation [D_Station],high
103,FN014119,Indian Lake,12.0,2.96,distribution,<=13.2,named_substation_d_side_only,"Named substation 'Indian Lake' in Exhibit 1. All capital in D-side cost centres (C_DS=$2,963k, C_DL=$0k). FinalData sub-project InvestTypes: ['D_Station'].",Indian Lake Station Rebuild [D_Station],high
104,FN011417,Inman,14.0,17.65,distribution,<=13.2,named_substation_d_side_only,"Named substation 'Inman' in Exhibit 1. All capital in D-side cost centres (C_DS=$0k, C_DL=$17,646k). FinalData sub-project InvestTypes: ['D_Line'].",Inman Upgrade D-Line work [D_Line],high
105,FN010667,68 ELMWOOD,2.2,0.78,distribution,<=13.2,named_substation_d_side_only,"Named substation '68 ELMWOOD' in Exhibit 1. All capital in D-side cost centres (C_DS=$0k, C_DL=$784k). FinalData sub-project InvestTypes: ['D_Line'].",Install New UG Feeder 16071 [D_Line],high
106,FN011010,Karner,17.5,55.39,distribution,<=13.2,named_substation_d_side_only,"Named substation 'Karner' in Exhibit 1. All capital in D-side cost centres (C_DS=$35,419k, C_DL=$19,970k). FinalData sub-project InvestTypes: ['D_Line', 'D_Station'].",Karner 4.16 kV Feeder Conversions [D_Line]; Karner Station Retirement [D_Station]; Ruth Road Rebuild Distribution Work [D_Line]; Ruth Road Station Rebuild [D_Station]; Sand Creek 54 Distribution [D_Line],high
107,FN011605,Kenmore Station 22,2.0,4.2,distribution,<=13.2,named_substation_d_side_only,"Named substation 'Kenmore Station 22' in Exhibit 1. All capital in D-side cost centres (C_DS=$4,200k, C_DL=$0k). FinalData sub-project InvestTypes: ['D_Station'].",Kenmore Station 22 Energy Storage [D_Station],high
108,FN005761,Lakeville,10.0,37.95,distribution,<=13.2,named_substation_d_side_only,"Named substation 'Lakeville' in Exhibit 1. All capital in D-side cost centres (C_DS=$21,645k, C_DL=$16,309k). FinalData sub-project InvestTypes: ['D_Line', 'D_Station'].",Lakeville Substation Retirement [D_Station]; Sonora Way - New Feeders [D_Line]; Sonora Way Station - New SWG [D_Station],high
109,FN011371,LASHER,11.0,7.29,distribution,<=13.2,named_substation_d_side_only,"Named substation 'LASHER' in Exhibit 1. All capital in D-side cost centres (C_DS=$0k, C_DL=$7,293k). FinalData sub-project InvestTypes: ['D_Line'].",Lasher Rd D Line [D_Line],high
110,FN011411,Latham,7.5,30.15,distribution,<=13.2,named_substation_d_side_only,"Named substation 'Latham' in Exhibit 1. All capital in D-side cost centres (C_DS=$30,152k, C_DL=$0k). FinalData sub-project InvestTypes: ['D_Station'].",Latham Station Rebuild [D_Station],high
111,FN011974,Liberty Street,6.25,26.2,distribution,<=13.2,named_substation_d_side_only,"Named substation 'Liberty Street' in Exhibit 1. All capital in D-side cost centres (C_DS=$15,876k, C_DL=$10,324k). FinalData sub-project InvestTypes: ['D_Line', 'D_Station'].",Liberty Street D-Line [D_Line]; Liberty Street TB5 [D_Station],high
112,FN013411,Livonia,8.75,14.15,distribution,<=13.2,named_substation_d_side_only,"Named substation 'Livonia' in Exhibit 1. All capital in D-side cost centres (C_DS=$14,154k, C_DL=$0k). FinalData sub-project InvestTypes: ['D_Station'].",Livonia 37 Substation Rebuild [D_Station],high
113,FN013414,37 HUDSON AVE,5.0,9.68,distribution,<=13.2,named_substation_d_side_only,"Named substation '37 HUDSON AVE' in Exhibit 1. All capital in D-side cost centres (C_DS=$9,680k, C_DL=$0k). FinalData sub-project InvestTypes: ['D_Station'].","Livonia, 10 Mile Voltage Conversion [D_Station]",high
114,FN011857,Lowville,5.0,5.37,distribution,<=13.2,named_substation_d_side_only,"Named substation 'Lowville' in Exhibit 1. All capital in D-side cost centres (C_DS=$0k, C_DL=$5,367k). FinalData sub-project InvestTypes: ['D_Line'].",Lowville 54 Conversion [D_Line],high
115,FN010006,LYNDONVILLE,5.0,3.3,distribution,<=13.2,named_substation_d_side_only,"Named substation 'LYNDONVILLE' in Exhibit 1. All capital in D-side cost centres (C_DS=$3,302k, C_DL=$0k). FinalData sub-project InvestTypes: ['D_Station'].",Lyndonville Tr Replace [D_Station],high
116,FN011424,Mayfield,14.5,1.5,distribution,<=13.2,named_substation_d_side_only,"Named substation 'Mayfield' in Exhibit 1. All capital in D-side cost centres (C_DS=$1,502k, C_DL=$0k). FinalData sub-project InvestTypes: ['D_Station'].",Mayfield Station Rebuild [D_Station],high
117,FN011534,McClellan,5.3,28.72,distribution,<=13.2,named_substation_d_side_only,"Named substation 'McClellan' in Exhibit 1. All capital in D-side cost centres (C_DS=$28,716k, C_DL=$0k). FinalData sub-project InvestTypes: ['D_Station'].",McClellan Station Rebuild [D_Station],high
118,FN011344,Mexico,20.0,45.91,distribution,<=13.2,named_substation_d_side_only,"Named substation 'Mexico' in Exhibit 1. All capital in D-side cost centres (C_DS=$0k, C_DL=$45,915k). FinalData sub-project InvestTypes: ['D_Line'].",Mexico Dline [D_Line]; New Haven Bank Upgrade [D_Line]; New Haven Sub D-line [D_Line],high
119,FN011382,Middleburgh,19.4,23.63,distribution,<=13.2,named_substation_d_side_only,"Named substation 'Middleburgh' in Exhibit 1. All capital in D-side cost centres (C_DS=$23,626k, C_DL=$0k). FinalData sub-project InvestTypes: ['D_Station'].",Middleburg Rebuild [D_Station],high
120,FN012928,Middleville,5.2,14.81,distribution,<=13.2,named_substation_d_side_only,"Named substation 'Middleville' in Exhibit 1. All capital in D-side cost centres (C_DS=$0k, C_DL=$14,805k). FinalData sub-project InvestTypes: ['D_Line'].","Middleville Boutique, D-line [D_Line]",high
121,FN012193,Delameter,2.0,6.8,distribution,<=13.2,named_substation_d_side_only,"Named substation 'Delameter' in Exhibit 1. All capital in D-side cost centres (C_DS=$0k, C_DL=$6,803k). FinalData sub-project InvestTypes: ['D_Line'].",Mobile Storage at Angola [D_Line],high
122,FN011965,Clintion Station,13.5,19.7,distribution,<=13.2,named_substation_d_side_only,"Named substation 'Clintion Station' in Exhibit 1. All capital in D-side cost centres (C_DS=$16,038k, C_DL=$3,664k). FinalData sub-project InvestTypes: ['D_Line', 'D_Station'].","MV-Clinton Substation Rebuild, Control House [D_Station]; MV-Clinton Substation Rebuild, DLine [D_Line]; MV-Clinton Substation Rebuild, Station [D_Station]; MV-Clinton Substation Rebuild, Sub-T [D_Line]",high
123,FN011560,North Leroy,5.0,9.23,distribution,<=13.2,named_substation_d_side_only,"Named substation 'North Leroy' in Exhibit 1. All capital in D-side cost centres (C_DS=$0k, C_DL=$9,234k). FinalData sub-project InvestTypes: ['D_Line'].",N Leroy 56 Delta Conversion Phase 1 [D_Line]; N Leroy 56 Delta Conversion Phase 2 [D_Line],high
124,FN011393,Nassau,13.0,25.84,distribution,<=13.2,named_substation_d_side_only,"Named substation 'Nassau' in Exhibit 1. All capital in D-side cost centres (C_DS=$25,839k, C_DL=$0k). FinalData sub-project InvestTypes: ['D_Station'].",Nassau Rebuild: Substation [D_Station],high
125,FN011296,New Cuba Station,12.5,30.58,distribution,<=13.2,named_substation_d_side_only,"Named substation 'New Cuba Station' in Exhibit 1. All capital in D-side cost centres (C_DS=$21,782k, C_DL=$8,799k). FinalData sub-project InvestTypes: ['D_Line', 'D_Station'].",New Cuba Sub [D_Station]; New Cuba Sub D-Line [D_Line]; New Cuba Sub Land [D_Station]; New Cuba Sub Sub-T Taps [D_Line],high
126,FN012315,NEW KRUMKILL,60.0,59.37,distribution,<=13.2,named_substation_d_side_only,"Named substation 'NEW KRUMKILL' in Exhibit 1. All capital in D-side cost centres (C_DS=$24,914k, C_DL=$34,456k). FinalData sub-project InvestTypes: ['D_Line', 'D_Station'].",New Krumkill - Feeder Getaways [D_Line]; New Krumkill Station [D_Station]; New Krumkill/Ave A Line [D_Line],high
127,FN011311,New Livingston Substation,12.5,39.99,distribution,<=13.2,named_substation_d_side_only,"Named substation 'New Livingston Substation' in Exhibit 1. All capital in D-side cost centres (C_DS=$27,251k, C_DL=$12,736k). FinalData sub-project InvestTypes: ['D_Line', 'D_Station'].",New Livingston Sub [D_Station]; New Livingston Sub D-Line [D_Line]; New Livingston Sub LAND [D_Station]; New Livingston Sub Sub-T Line [D_Line],high
128,FN010052,Middleport,7.0,11.88,distribution,<=13.2,named_substation_d_side_only,"Named substation 'Middleport' in Exhibit 1. All capital in D-side cost centres (C_DS=$11,877k, C_DL=$0k). FinalData sub-project InvestTypes: ['D_Station'].",New Middleport 13.2kV [D_Station],high
129,FN011103,NEWTONVILLE,38.72,37.07,distribution,<=13.2,named_substation_mixed_capital,"Named substation 'NEWTONVILLE' in Exhibit 1 — this identifies it as a distribution project. However, 15% of capital is T-side (C_TS=$5,546k, C_TL=$0k out of $37,072k total). This is typical for distribution area studies that require upgrades at the feeding sub-TX substation. FinalData sub-project InvestTypes: ['D_Line', 'D_Station', 'T_Station']. Classified as distribution because the project is named after a distribution substation and the majority of capital is D-side.",Newtonville Area Study: D-Line [D_Line]; Newtonville Area Study: Johnson [D_Station]; Newtonville Area Study: Maplewood [T_Station]; Newtonville Area Study: Newtonville [D_Station],medium
130,FN011426,Northville Station,12.5,26.05,distribution,<=13.2,named_substation_d_side_only,"Named substation 'Northville Station' in Exhibit 1. All capital in D-side cost centres (C_DS=$26,047k, C_DL=$0k). FinalData sub-project InvestTypes: ['D_Station'].",Northville Station Rebuild [D_Station],high
131,FN011416,Ogdenbrook,24.6,4.8,distribution,<=13.2,named_substation_d_side_only,"Named substation 'Ogdenbrook' in Exhibit 1. All capital in D-side cost centres (C_DS=$4,804k, C_DL=$0k). FinalData sub-project InvestTypes: ['D_Station'].",Ogdenbrook Station Rebuild [D_Station],high
132,FN012130,Otten,0.32,4.06,distribution,<=13.2,named_substation_d_side_only,"Named substation 'Otten' in Exhibit 1. All capital in D-side cost centres (C_DS=$4,063k, C_DL=$0k). FinalData sub-project InvestTypes: ['D_Station'].",Otten Substation Rebuild [D_Station],high
133,FN011443,OTTEN,0.5,8.18,distribution,<=13.2,named_substation_d_side_only,"Named substation 'OTTEN' in Exhibit 1. All capital in D-side cost centres (C_DS=$0k, C_DL=$8,176k). FinalData sub-project InvestTypes: ['D_Line'].",Otten 3 Phase Extension [D_Line],high
134,FN012945,Paloma,20.0,0.01,distribution,<=13.2,named_substation_d_side_only,"Named substation 'Paloma' in Exhibit 1. All capital in D-side cost centres (C_DS=$0k, C_DL=$9k). FinalData sub-project InvestTypes: ['D_Line'].",Paloma Feeder relief [D_Line],high
135,FN011395,Partridge,15.0,26.05,distribution,<=13.2,named_substation_d_side_only,"Named substation 'Partridge' in Exhibit 1. All capital in D-side cost centres (C_DS=$26,047k, C_DL=$0k). FinalData sub-project InvestTypes: ['D_Station'].",Partridge Station Rebuild [D_Station],high
136,FN012618,Peat,22.0,15.7,distribution,<=13.2,named_substation_d_side_only,"Named substation 'Peat' in Exhibit 1. All capital in D-side cost centres (C_DS=$0k, C_DL=$15,697k). FinalData sub-project InvestTypes: ['D_Line'].","Peat St rebuild, Sub [D_Line]; Peat St, D-Line (Conversions) [D_Line]",high
137,FN012004,PINEBUSH,0.65,3.06,distribution,<=13.2,named_substation_d_side_only,"Named substation 'PINEBUSH' in Exhibit 1. All capital in D-side cost centres (C_DS=$0k, C_DL=$3,058k). FinalData sub-project InvestTypes: ['D_Line'].",Pinebush 53 Delta Conversion [D_Line],high
138,FN011397,Pinebush,32.6,25.06,distribution,<=13.2,named_substation_d_side_only,"Named substation 'Pinebush' in Exhibit 1. All capital in D-side cost centres (C_DS=$25,064k, C_DL=$0k). FinalData sub-project InvestTypes: ['D_Station'].",Pinebush Station Rebuild [D_Station],high
139,FN002263,Port Henry,2.5,0.74,distribution,<=13.2,named_substation_d_side_only,"Named substation 'Port Henry' in Exhibit 1. All capital in D-side cost centres (C_DS=$0k, C_DL=$739k). FinalData sub-project InvestTypes: ['D_Line'].",Port Henry 51 - Convert Port Henry [D_Line],high
140,FN011433,Port Henry,14.5,8.27,distribution,<=13.2,named_substation_d_side_only,"Named substation 'Port Henry' in Exhibit 1. All capital in D-side cost centres (C_DS=$8,275k, C_DL=$0k). FinalData sub-project InvestTypes: ['D_Station'].",Port Henry Rebuild [D_Station],high
141,FN013957,Pottersville,13.0,15.47,distribution,<=13.2,named_substation_d_side_only,"Named substation 'Pottersville' in Exhibit 1. All capital in D-side cost centres (C_DS=$9,154k, C_DL=$6,313k). FinalData sub-project InvestTypes: ['D_Line', 'D_Station'].",Pottersville Sub-T Regulator [D_Station]; Schroon Lake Getaway Rebuild [D_Line]; Schroon Lake Station Rebuild [D_Station]; W'burg-Chestertown 6 Reconductor UG [D_Line],high
142,FN011942,Raquette Lake,0.5,0.29,distribution,<=13.2,named_substation_d_side_only,"Named substation 'Raquette Lake' in Exhibit 1. All capital in D-side cost centres (C_DS=$290k, C_DL=$0k). FinalData sub-project InvestTypes: ['D_Station'].",Raquette Lake Transformer Upgrade [D_Station],high
143,FN012721,North Chautauqua,4.0,3.53,distribution,<=13.2,named_substation_d_side_only,"Named substation 'North Chautauqua' in Exhibit 1. All capital in D-side cost centres (C_DS=$3,532k, C_DL=$0k). FinalData sub-project InvestTypes: ['D_Station'].",Rebuild North Chautauqua Station 78 [D_Station],high
144,FN000126,RIVERSIDE,5.0,12.78,distribution,<=13.2,named_substation_d_side_only,"Named substation 'RIVERSIDE' in Exhibit 1. All capital in D-side cost centres (C_DS=$0k, C_DL=$12,783k). FinalData sub-project InvestTypes: ['D_Line'].",Riverside 28855 Conduit Replacement [D_Line],high
145,FN011854,Rome Substation,5.0,0.64,distribution,<=13.2,named_substation_d_side_only,"Named substation 'Rome Substation' in Exhibit 1. All capital in D-side cost centres (C_DS=$0k, C_DL=$644k). FinalData sub-project InvestTypes: ['D_Line'].",Rome 52 Delta Conversion [D_Line],high
146,FN011852,Rome Substation,5.0,3.61,distribution,<=13.2,named_substation_d_side_only,"Named substation 'Rome Substation' in Exhibit 1. All capital in D-side cost centres (C_DS=$0k, C_DL=$3,614k). FinalData sub-project InvestTypes: ['D_Line'].",Rome 55 Delta Conversion Phase 1 [D_Line],high
147,FN011853,Rome Substation,5.0,3.64,distribution,<=13.2,named_substation_d_side_only,"Named substation 'Rome Substation' in Exhibit 1. All capital in D-side cost centres (C_DS=$0k, C_DL=$3,640k). FinalData sub-project InvestTypes: ['D_Line'].",Rome 55 Delta Conversion Phase 2 [D_Line],high
148,FN011856,Rome Substation,5.0,0.64,distribution,<=13.2,named_substation_d_side_only,"Named substation 'Rome Substation' in Exhibit 1. All capital in D-side cost centres (C_DS=$0k, C_DL=$644k). FinalData sub-project InvestTypes: ['D_Line'].",Rome 56 Delta Conversion [D_Line],high
149,FN001348,Rotterdam,13.0,4.73,distribution,<=13.2,named_substation_d_side_only,"Named substation 'Rotterdam' in Exhibit 1. All capital in D-side cost centres (C_DS=$0k, C_DL=$4,728k). FinalData sub-project InvestTypes: ['D_Line'].",Rotterdam #34 #36 34.5kV Cable Repl [D_Line],high
150,FN014168,RUSSELL RD,2.0,0.24,distribution,<=13.2,named_substation_d_side_only,"Named substation 'RUSSELL RD' in Exhibit 1. All capital in D-side cost centres (C_DS=$0k, C_DL=$236k). FinalData sub-project InvestTypes: ['D_Line'].",Russell Road 22851 Conversion [D_Line],high
151,FN013424A,South Washington,5.0,8.37,distribution,<=13.2,named_substation_d_side_only,"Named substation 'South Washington' in Exhibit 1. All capital in D-side cost centres (C_DS=$0k, C_DL=$8,372k). FinalData sub-project InvestTypes: ['D_Line'].",S Washington Boutique D-line [D_Line],high
152,FN011355A,Schenevus,3.0,2.5,distribution,<=13.2,named_substation_d_side_only,"Named substation 'Schenevus' in Exhibit 1. All capital in D-side cost centres (C_DS=$2,500k, C_DL=$0k). FinalData sub-project InvestTypes: ['D_Station'].",Schenevus Rebuild [D_Station],high
153,FN011399,Schodack,17.6,29.33,distribution,<=13.2,named_substation_d_side_only,"Named substation 'Schodack' in Exhibit 1. All capital in D-side cost centres (C_DS=$29,333k, C_DL=$0k). FinalData sub-project InvestTypes: ['D_Station'].",Schodack Rebuild: Substation [D_Station],high
154,FN011465,SCHROON LAKE,4.8,0.68,distribution,<=13.2,named_substation_d_side_only,"Named substation 'SCHROON LAKE' in Exhibit 1. All capital in D-side cost centres (C_DS=$0k, C_DL=$677k). FinalData sub-project InvestTypes: ['D_Line'].",Schroon 51 US-9 Mainline Relocation [D_Line],high
155,FN011466,Scofield,29.5,0.52,distribution,<=13.2,named_substation_d_side_only,"Named substation 'Scofield' in Exhibit 1. All capital in D-side cost centres (C_DS=$522k, C_DL=$0k). FinalData sub-project InvestTypes: ['D_Station'].",Scofield 3rd Breaker Installation [D_Station],high
156,FN002211,Scotia,9.1,0.45,distribution,<=13.2,named_substation_d_side_only,"Named substation 'Scotia' in Exhibit 1. All capital in D-side cost centres (C_DS=$450k, C_DL=$0k). FinalData sub-project InvestTypes: ['D_Station'].",Scotia Substation Retirement [D_Station],high
157,FN001881,SELKIRK,2.5,0.51,distribution,<=13.2,named_substation_d_side_only,"Named substation 'SELKIRK' in Exhibit 1. All capital in D-side cost centres (C_DS=$0k, C_DL=$511k). FinalData sub-project InvestTypes: ['D_Line'].",Selkirk 14952 Overloaded ratio [D_Line],high
158,FN006212,Sharon,2.061,1.4,distribution,<=13.2,named_substation_d_side_only,"Named substation 'Sharon' in Exhibit 1. All capital in D-side cost centres (C_DS=$0k, C_DL=$1,398k). FinalData sub-project InvestTypes: ['D_Line'].",Sharon 51 - Route 20 Ratio Relief - 4.8kV Conversion [D_Line],high
159,FN006224,Sharon,1.966,0.93,distribution,<=13.2,named_substation_d_side_only,"Named substation 'Sharon' in Exhibit 1. All capital in D-side cost centres (C_DS=$0k, C_DL=$925k). FinalData sub-project InvestTypes: ['D_Line'].",Sharon 52 - Route 20 Ratio Relief [D_Line],high
160,FN013868,Shawnee Rd Station 76,17.6,9.27,distribution,<=13.2,named_substation_d_side_only,"Named substation 'Shawnee Rd Station 76' in Exhibit 1. All capital in D-side cost centres (C_DS=$9,275k, C_DL=$0k). FinalData sub-project InvestTypes: ['D_Station'].",Shawnee Rd Station 76- TRF1 AC [D_Station],high
161,FN011715,Smith Bridge Station,25.0,16.6,distribution,<=13.2,named_substation_d_side_only,"Named substation 'Smith Bridge Station' in Exhibit 1. All capital in D-side cost centres (C_DS=$9,572k, C_DL=$7,032k). FinalData sub-project InvestTypes: ['D_Line', 'D_Station'].",Smith Bridge - New TB2 Getaways [D_Line]; Smith Bridge 2nd Bank & Metalclad [D_Station]; Smith Bridge 56 & 57 -Build Feeders [D_Line],high
162,FN005814,EDEN CENTER,11.0,31.25,distribution,<=13.2,named_substation_d_side_only,"Named substation 'EDEN CENTER' in Exhibit 1. All capital in D-side cost centres (C_DS=$26,058k, C_DL=$5,188k). FinalData sub-project InvestTypes: ['D_Line', 'D_Station'].",South Eden Greenfield New Feeder 1 [D_Line]; South Eden Greenfield New Feeder 2 [D_Line]; South Eden Greenfield Substation [D_Station]; South Eden Greenfield Sub-T [D_Line],high
163,FN003350,NORTH COLLINS,5.6,6.38,distribution,<=13.2,named_substation_d_side_only,"Named substation 'NORTH COLLINS' in Exhibit 1. All capital in D-side cost centres (C_DS=$0k, C_DL=$6,379k). FinalData sub-project InvestTypes: ['D_Line'].",South Mall #38 Cable Replacement [D_Line],high
164,FN011436,South Street,7.5,24.81,distribution,<=13.2,named_substation_d_side_only,"Named substation 'South Street' in Exhibit 1. All capital in D-side cost centres (C_DS=$24,806k, C_DL=$0k). FinalData sub-project InvestTypes: ['D_Station'].",South Street Rebuild [D_Station],high
165,FN010876,Station 140,10.0,28.82,distribution,<=13.2,named_substation_d_side_only,"Named substation 'Station 140' in Exhibit 1. All capital in D-side cost centres (C_DS=$28,825k, C_DL=$0k). FinalData sub-project InvestTypes: ['D_Station'].",Station 140 Station Rebuild [D_Station],high
166,FN006255,Station 3012,9.0,45.07,distribution,<=13.2,named_substation_d_side_only,"Named substation 'Station 3012' in Exhibit 1. All capital in D-side cost centres (C_DS=$27,114k, C_DL=$17,955k). FinalData sub-project InvestTypes: ['D_Line', 'D_Station'].","Station 3012 D-Line, Part 2 [D_Line]; Station 3012 Substation [D_Station]",high
167,FN005886,Station 61,35.0,23.21,distribution,<=13.2,named_substation_d_side_only,"Named substation 'Station 61' in Exhibit 1. All capital in D-side cost centres (C_DS=$23,211k, C_DL=$0k). FinalData sub-project InvestTypes: ['D_Station'].",Station 61 - Station Rebuild [D_Station],high
168,FN011383,Summit,2.38,22.39,distribution,<=13.2,named_substation_d_side_only,"Named substation 'Summit' in Exhibit 1. All capital in D-side cost centres (C_DS=$22,390k, C_DL=$0k). FinalData sub-project InvestTypes: ['D_Station'].",Summit Rebuild [D_Station],high
169,FN011069,Swaggertown,23.4,32.33,distribution,<=13.2,named_substation_d_side_only,"Named substation 'Swaggertown' in Exhibit 1. All capital in D-side cost centres (C_DS=$11,289k, C_DL=$21,043k). FinalData sub-project InvestTypes: ['D_Line', 'D_Station'].",Swagertown Station Upgrades [D_Station]; Swaggertown 54 and Scotia Conversion [D_Line],high
170,FN011562,Swann Rd,5.0,3.07,distribution,<=13.2,named_substation_d_side_only,"Named substation 'Swann Rd' in Exhibit 1. All capital in D-side cost centres (C_DS=$0k, C_DL=$3,069k). FinalData sub-project InvestTypes: ['D_Line'].",Swann Rd 51 Delta Conversion [D_Line],high
171,FN012826,78 FASSETT ST.,5.0,11.9,distribution,<=13.2,named_substation_d_side_only,"Named substation '78 FASSETT ST.' in Exhibit 1. All capital in D-side cost centres (C_DS=$0k, C_DL=$11,896k). FinalData sub-project InvestTypes: ['D_Line'].",Ton. Station 78 - DLine Conversion [D_Line],high
172,FN005852,TULLER HILL,6.0,0.37,distribution,<=13.2,named_substation_d_side_only,"Named substation 'TULLER HILL' in Exhibit 1. All capital in D-side cost centres (C_DS=$0k, C_DL=$371k). FinalData sub-project InvestTypes: ['D_Line'].",Tuller Hill DLine-13kV Getaway [D_Line],high
173,FN011404,UNIONVILLE,2.0,10.17,distribution,<=13.2,named_substation_d_side_only,"Named substation 'UNIONVILLE' in Exhibit 1. All capital in D-side cost centres (C_DS=$0k, C_DL=$10,170k). FinalData sub-project InvestTypes: ['D_Line'].",Unionville D-Line Work [D_Line],high
174,FN011406,UNIONVILLE,7.5,2.96,distribution,<=13.2,named_substation_d_side_only,"Named substation 'UNIONVILLE' in Exhibit 1. All capital in D-side cost centres (C_DS=$2,963k, C_DL=$0k). FinalData sub-project InvestTypes: ['D_Station'].",Unionville Station Rebuild [D_Station],high
175,FN011310,214 Station,23.6,1.13,distribution,<=13.2,named_substation_mixed_capital,"Named substation '214 Station' in Exhibit 1 — this identifies it as a distribution project. However, 88% of capital is T-side (C_TS=$0k, C_TL=$1,000k out of $1,134k total). This is typical for distribution area studies that require upgrades at the feeding sub-TX substation. FinalData sub-project InvestTypes: ['D_Station', 'T_Line']. Classified as distribution because the project is named after a distribution substation and the majority of capital is D-side.",Upgrade and Convert STA 214 SUB [D_Station]; Upgrade and Convert STA 214 Trans [T_Line],medium
176,FN012943,Paloma,20.0,1.8,distribution,<=13.2,named_substation_d_side_only,"Named substation 'Paloma' in Exhibit 1. All capital in D-side cost centres (C_DS=$1,800k, C_DL=$0k). FinalData sub-project InvestTypes: ['D_Station'].",Upgrade Paloma TB1 [D_Station],high
177,FN006357,VAIL MILLS,4.0,2.1,distribution,<=13.2,named_substation_d_side_only,"Named substation 'VAIL MILLS' in Exhibit 1. All capital in D-side cost centres (C_DS=$0k, C_DL=$2,099k). FinalData sub-project InvestTypes: ['D_Line'].",Vail Mills 51 - Cnty Hwy 107 Part 3 [D_Line],high
178,FN006234,VAIL MILLS,16.0,0.28,distribution,<=13.2,named_substation_d_side_only,"Named substation 'VAIL MILLS' in Exhibit 1. All capital in D-side cost centres (C_DS=$0k, C_DL=$275k). FinalData sub-project InvestTypes: ['D_Line'].",Vail Mills 52 - Centerline Rd Ratio [D_Line],high
179,FN011427,VAIL MILLS,15.0,1.58,distribution,<=13.2,named_substation_d_side_only,"Named substation 'VAIL MILLS' in Exhibit 1. All capital in D-side cost centres (C_DS=$1,577k, C_DL=$0k). FinalData sub-project InvestTypes: ['D_Station'].",Vail Mills Station Rebuild [D_Station],high
180,FN011996,Valkin,57.6,7.55,distribution,<=13.2,named_substation_d_side_only,"Named substation 'Valkin' in Exhibit 1. All capital in D-side cost centres (C_DS=$4,740k, C_DL=$2,810k). FinalData sub-project InvestTypes: ['D_Line', 'D_Station'].",Valkin D-Line [D_Line]; Valkin Station Rebuild [D_Station],high
181,FN013976,Van Hoesen,48.2,48.38,distribution,<=13.2,named_substation_d_side_only,"Named substation 'Van Hoesen' in Exhibit 1. All capital in D-side cost centres (C_DS=$17,127k, C_DL=$31,249k). FinalData sub-project InvestTypes: ['D_Line', 'D_Station'].",Van Hoesen Greenfield: D-Line [D_Line]; Van Hoesen Greenfield: Substation [D_Station],high
182,FN011400,Voorheesville,15.0,31.56,distribution,<=13.2,named_substation_d_side_only,"Named substation 'Voorheesville' in Exhibit 1. All capital in D-side cost centres (C_DS=$31,559k, C_DL=$0k). FinalData sub-project InvestTypes: ['D_Station'].",Voorheesville Station Rebuild [D_Station],high
183,FN006517,CHAUTAUQUA,4.0,0.57,distribution,<=13.2,named_substation_d_side_only,"Named substation 'CHAUTAUQUA' in Exhibit 1. All capital in D-side cost centres (C_DS=$0k, C_DL=$575k). FinalData sub-project InvestTypes: ['D_Line'].",W Chautauqua 34.5/4.8kV Mini Sub [D_Line],high
184,FN012599,Walesville,14.0,20.39,distribution,<=13.2,named_substation_d_side_only,"Named substation 'Walesville' in Exhibit 1. All capital in D-side cost centres (C_DS=$0k, C_DL=$20,390k). FinalData sub-project InvestTypes: ['D_Line'].","Walesville Rebuild, D-line [D_Line]; Walesville Rebuild, Sub [D_Line]",high
185,FN002225,Warrensburg,0.5,1.2,distribution,<=13.2,named_substation_d_side_only,"Named substation 'Warrensburg' in Exhibit 1. All capital in D-side cost centres (C_DS=$0k, C_DL=$1,199k). FinalData sub-project InvestTypes: ['D_Line'].",Warrensburg 52 - Glen Athol Road [D_Line],high
186,FN011538,Watt,5.8,9.03,distribution,<=13.2,named_substation_d_side_only,"Named substation 'Watt' in Exhibit 1. All capital in D-side cost centres (C_DS=$1,739k, C_DL=$7,292k). FinalData sub-project InvestTypes: ['D_Line', 'D_Station'].",Watt St 3rd Feeder [D_Line]; Watt Station Rebuild [D_Station],high
187,FN011539,WEAVER ST,4.1,23.36,distribution,<=13.2,named_substation_d_side_only,"Named substation 'WEAVER ST' in Exhibit 1. All capital in D-side cost centres (C_DS=$13,343k, C_DL=$10,020k). FinalData sub-project InvestTypes: ['D_Line', 'D_Station'].",Weaver 3rd Feeder [D_Line]; Weaver Station Rebuild [D_Station],high
188,FN011423,Wells,3.44,24.81,distribution,<=13.2,named_substation_d_side_only,"Named substation 'Wells' in Exhibit 1. All capital in D-side cost centres (C_DS=$24,806k, C_DL=$0k). FinalData sub-project InvestTypes: ['D_Station'].",Wells Station Rebuild [D_Station],high
189,FN012598,Whitesboro,12.0,28.38,distribution,<=13.2,named_substation_d_side_only,"Named substation 'Whitesboro' in Exhibit 1. All capital in D-side cost centres (C_DS=$0k, C_DL=$28,378k). FinalData sub-project InvestTypes: ['D_Line'].","Whitesboro Rebuild, D-Line [D_Line]; Whitesboro Rebuild, Sub [D_Line]",high
190,FN011388,WOLF RD.,3.0,6.52,distribution,<=13.2,named_substation_d_side_only,"Named substation 'WOLF RD.' in Exhibit 1. All capital in D-side cost centres (C_DS=$0k, C_DL=$6,516k). FinalData sub-project InvestTypes: ['D_Line'].",Wolf Road Getaway Replacement [D_Line],high
192,FN010073,Transm Net,14.0,66.74,sub_tx,115,fn_to_gold_book_manual_match,"All identified voltages are 69-115kV (sub-transmission). Sources: Sub-projects '130/133 Stations- Huntley' and '130/133 T-Line Reconductor' are Packard-Huntley #130 / Walck-Huntley #133 lines. Gold Book Table VII: NGRID Packard Huntley, 115kV, S 2027..",130/133 Stations- Huntley [T_Station]; 130/133 T-Line Reconductor [T_Line]; Land-130/133 T-Line Reconductor [T_Station],high
193,FN011214,Transm Net,105.0,93.63,sub_tx,115,gold_book_station_match,All identified voltages are 69-115kV (sub-transmission). Sources: Gold Book Table VII match: Lockport-Batavia 115kV lines 107/108/112; Gold Book Table VII match: Lockport 115kV substation rebuild.,Access Rd- Lockport-Batavia 112 [T_Station]; Easement-Lockport-Batavia 112-Rebld [T_Station]; Lockport-Batavia 112 T1510 ACR [T_Line],high
194,FN010083,Transm Net,100.0,129.65,sub_tx,115,gold_book_station_match,All identified voltages are 69-115kV (sub-transmission). Sources: Gold Book Table VII match: Mortimer-Pannell 115kV lines 24/25.,Access Roads-Mortimer-Pannell 24 25 [T_Station]; Easements-Line Rebuild MP 24 [T_Station]; Mortimer - Pannell 24/25 [T_Line]; Mortimer Stn Wrk 24 25 Line Rebuild [T_Station],high
195,FN008736,Transm Net,20.0,16.52,sub_tx,115,finaldata_voltage_plus_gold_book,All identified voltages are 69-115kV (sub-transmission). Sources: 'South Oswego: 115kV Asset Rplc' states 115kV; Gold Book Table VII match: South Oswego 115kV substation.,South Oswego: 115kV Asset Rplc [T_Station]; South Oswego Station Upgrades [T_Station],high
196,FN008276,Transm Net,1650.0,3202.5,sub_tx,115,finaldata_voltage_plus_gold_book,All identified voltages are 69-115kV (sub-transmission). Sources: 'LightHH 115kV CH' states 115kV; 'LightHH 115kV Yard Repl & cntrl hs.' states 115kV; Gold Book Table VII match: Colton-Browns Falls 115kV; Gold Book Table VII match: Colton-Malone 115kV; Gold Book Table VII match: Malone 115kV PAR / substation; Gold Book Table VII match: Coffeen-Lyme Junction 115kV line 4; Gold Book Table VII match: Coffeen-Black River 115kV; Gold Book Table VII match: Coffeen-Lighthouse Hill 115kV; Gold Book Table VII match: Lighthouse Hill-Clay 115kV; Gold Book Table VII match: Lighthouse Hill-South Oswego 115kV; Gold Book Table VII match: South Oswego-Lighthouse Hill 115kV; Gold Book Table VII match: Black River 115kV substation; Gold Book Table VII match: Taylorville 115kV substation rebuild; Gold Book Table VII match: Middle Road 115kV six-breaker ring; Gold Book Table VII match: Coffeen 115kV station; Gold Book Table VII match: Boonville 115kV station; Gold Book Table VII match: South Oswego 115kV substation; Gold Book Table VII match: Maiden Lane 115kV station; Gold Book Table VII match: East Avenue 115kV station.,Boonville-Rome 3/4 ACR [T_Line]; Brown Falls Taylorville Rebuild [T_Line]; Coffeen - Asset Replace CH [T_Station]; Coffeen - Asset Rplc T-line [T_Line]; Coffeen St. Substation [T_Station]; Gulf Road Assc Tline work (Boonville Greenfield) [T_Line]; Gulf Road Control House (Boonville Greenfield) [T_Station]; Gulf Road Sub Remote End - Porter [T_Station]; Gulf Road Substation (Boonville Greenfield) [T_Station]; Land-Boonville Substation-Gulf Road [T_Station]; LightHH 115kV CH [T_Station]; LightHH 115kV Yard Repl & cntrl hs. [T_Station]; LightHH Trans Lines Reconnect [T_Line]; Black River - LHH Rebuild [T_Line]; Black River - Taylorville Rebuild [T_Line]; Black River Substation Upgrades [T_Station]; Boonville - Porter Rebuild [T_Line]; Clay Sub CLCPA LN5 Assoc T-Line [T_Line]; Clay Substation CLCPA Upgrades [T_Station]; Coffeen - Black River Rebuild [T_Line]; Coffeen - East Watertown Rebuild [T_Line]; Coffeen - Lyme Junction Rebuild [T_Line]; Coffeen Synchronous Condensers [T_Station]; Colton - Malone #3 Rebuild [T_Line]; Colton Substation Rebuild [T_Station]; East Ave Station - Greenfield [T_Station]; Gulf Rd CLCPA Upgrades (Boonville Greenfield) [T_Station]; Land-CLCPA P2-Colton-Malone Rebuild [T_Station]; Land-CLCPA P2-LHH-S Oswego [T_Station]; Land-CLCPA-P2 Black River-Clay [T_Station]; Land-CLCPA-P2 Black River-Porter [T_Station]; Lighthouse Hill - Clay Rebuild [T_Line]; Lighthouse Hill - S. Oswego Rebuild [T_Line]; Maiden Lane Station - Greenfield [T_Station]; Malone Control House [T_Station]; Malone Station Rebuild_Tline [T_Line]; Malone Substation Rebuild_T_Sub [T_Station]; McIntyre - Colton DLR [T_Line]; Middle Road Sta - Six Breaker Ring [T_Station]; Taylorville - Boonville Rebuild [T_Line]; Taylorville Sta - BAAH Greenfield [T_Station],high
197,FN011526,Transm Net,52.1,2.5,sub_tx,115,station_type_analogy,All identified voltages are 69-115kV (sub-transmission). Sources: Sub-projects 'Capital North AreaStudy Elnora Tap' (T_Line) and 'Elnora Station Rebuild' (D_Station). Elnora is on NiMo's sub-TX network. The T_Line component is a 115kV tap into the existing line..,Capital North AreaStudy Elnora Tap [T_Line]; Elnora Station Rebuild [D_Station],medium
198,FN008017,Transm Net,28.0,16.04,sub_tx,115,gold_book_station_match,All identified voltages are 69-115kV (sub-transmission). Sources: Gold Book Table VII match: Colton-Browns Falls 115kV.,Colton-BF 1-2 T3140-T3150 ACR [T_Line],high
199,FN008359,Transm Net,800.0,301.57,sub_tx,69/115,finaldata_voltage_plus_gold_book,All identified voltages are 69-115kV (sub-transmission). Sources: 'Mortimer 109 bay 115kV Upgrade' states 115kV; 'Mortimer-Golah 109-69kV Rebuild' states 69kV; Gold Book Table VII match: Mortimer-Golah 115kV/69kV lines 109/110; Gold Book Table VII match: SE Batavia-Golah 115kV.,Easement-109-110-119 LN-CLCPA-West [T_Station]; Mortimer 109 bay 115kV Upgrade [T_Station]; Mortimer-Golah #110 ACR Rebuild [T_Line]; Mortimer-Golah 109-69kV Rebuild [T_Line]; SE Batavia - Golah LN119 Rebuild [T_Line],high
200,FN008347,Transm Net,380.0,73.06,sub_tx,115,gold_book_station_match,All identified voltages are 69-115kV (sub-transmission). Sources: Gold Book Table VII match: Dunkirk-Laona 115kV lines 161/162.,Dunkirk to Laona 161/162 Rebuild [T_Line]; Land/ROW-Dunkirk-Laona CCPA Rebuild [T_Station],high
201,FN008061,Transm Net,33.0,0.45,sub_tx,115,finaldata_voltage_stated,All identified voltages are 69-115kV (sub-transmission). Sources: 'E. Golah 2nd 115kV Tap' states 115kV.,E. Golah 2nd 115kV Tap [T_Line],high
202,FN013189,Transm Net,20.0,9.8,bulk_tx,230,finaldata_voltage_stated,All identified voltages are ≥230kV. Sources: 'Eastover 230kV 70 MVAR cap bank' states 230kV.,Eastover 230kV 70 MVAR cap bank [T_Station],high
203,FN013188,Transm Net,34.0,0.98,sub_tx,115,fn_to_gold_book_manual_match,All identified voltages are 69-115kV (sub-transmission). Sources: Sub-project 'Elbridge - Geres Lock Capacity' is on the 115kV corridor between Elbridge and Geres Lock. Gold Book Table VII lists Geres Lock as a 115kV station in NiMo's sub-TX network..,Elbridge - Geres Lock Capacity [T_Line],high
204,FN008471,Transm Net,16.0,22.73,sub_tx,115,fn_to_gold_book_manual_match,"All identified voltages are 69-115kV (sub-transmission). Sources: Sub-project 'Elm St #2 TRF Asset Replacement' is the replacement of transformer TR2 at Elm St station. Gold Book Table VII: 'NGRID Elm St Elm St S 2027 230/23 230/23 - 118MVA 133MVA Replace TR2 as failure.' This is a 230/23kV transformer — physically a 230kV asset, but it directly connects the bulk system to 23kV distribution (bypassing sub-TX). Classified as sub_tx because the cost is NiMo's local distribution interconnection, not NYISO bulk TX. The 230kV side is the upstream connection..",Elm St #2 TRF Asset Replacement [T_Station],high
205,FN012042,Transm Net,40.0,10.89,sub_tx,115,ev_ready_site_sub_tx_tap,"All identified voltages are 69-115kV (sub-transmission). Sources: Sub-project 'EV RS - Angola -T-line': EV Ready Site transmission line tap. T_Line invest type, tapping into existing NiMo 115kV sub-TX network..",EV RS - Angola -T-line [T_Line],medium
206,FN012047,Transm Net,40.0,8.58,sub_tx,115,ev_ready_site_sub_tx_tap,"All identified voltages are 69-115kV (sub-transmission). Sources: Sub-project 'EV RS - Chittenango-T-line': EV Ready Site transmission line tap. T_Line invest type, tapping into existing NiMo 115kV sub-TX network..",EV RS - Chittenango-T-line [T_Line],medium
207,FN012044,Transm Net,40.0,10.41,sub_tx,115,ev_ready_site_sub_tx_tap,"All identified voltages are 69-115kV (sub-transmission). Sources: Sub-project 'EV RS - Dewitt-T-line': EV Ready Site transmission line tap. T_Line invest type, tapping into existing NiMo 115kV sub-TX network..",EV RS - Dewitt-T-line [T_Line],medium
208,FN012050,Transm Net,40.0,6.18,sub_tx,115,ev_ready_site_sub_tx_tap,"All identified voltages are 69-115kV (sub-transmission). Sources: Sub-project 'EV RS - Pattersonville-T-line': EV Ready Site transmission line tap. T_Line invest type, tapping into existing NiMo 115kV sub-TX network..",EV RS - Pattersonville-T-line [T_Line],medium
209,FN012039,Transm Net,40.0,6.7,sub_tx,115,ev_ready_site_sub_tx_tap,"All identified voltages are 69-115kV (sub-transmission). Sources: Sub-project 'EV RS - Pembroke (Flying J)-T-line': EV Ready Site transmission line tap. T_Line invest type, tapping into existing NiMo 115kV sub-TX network..",EV RS - Pembroke (Flying J)-T-line [T_Line],medium
210,FN008333,Transm Net,18.0,0.36,sub_tx,115,gold_book_station_match,All identified voltages are 69-115kV (sub-transmission). Sources: Gold Book Table VII match: Flat Rock 115kV (mid-line Colton-Browns Falls).,Flat Rock Upgrades - Line [T_Line],high
211,FN010064,Transm Net,75.0,52.28,sub_tx,115,gold_book_station_match,All identified voltages are 69-115kV (sub-transmission). Sources: Gold Book Table VII match: Oneida 115kV station rebuild.,Oneida - Sub Rebuild T-line [T_Line]; Oneida - Substation Rebuild CH [T_Station]; Oneida Substation Rebuild [T_Station],high
212,FN008052,Transm Net,160.0,31.84,sub_tx,115,fn_line_number_convention,"All identified voltages are 69-115kV (sub-transmission). Sources: Sub-project 'Frontier 181 ACR/Recond' is NiMo line #181. NiMo's line numbering convention: 100-series lines are 115kV (confirmed by other 100-series lines in Gold Book Table VII, e.g., lines 130/133 = Packard-Huntley 115kV, lines 141/142 = Gardenville-Dunkirk 115kV, line 110 = Mortimer-Golah 115kV). Classification as 115kV sub-TX..",Frontier 181 ACR/Recond [T_Line],high
214,FN010080,Transm Net,20.0,177.99,sub_tx,115,fn_to_gold_book_manual_match,"All identified voltages are 69-115kV (sub-transmission). Sources: Sub-projects 'New Manheim - Assoc Line work', 'New Manheim Control House', 'New Manheim Greenfield project' are the Manheim (Inghams) station relocation. Gold Book Table VII: NGRID Manheim (Inghams), 115kV, W 2026. Note: also has D-Line sub-projects 'Manheim 46kV relocation' and 'Manheim Distribution' — the 46kV is likely a step-down from 115kV..",New Manheim - Assoc Line work [T_Line]; New Manheim Control House [T_Station]; New Manheim Greenfield project [T_Station]; Manheim 46kV relocation [D_Line]; Manheim Distribution [D_Line],high
215,FN011215,Transm Net,10.0,21.76,sub_tx,115,finaldata_voltage_plus_gold_book,All identified voltages are 69-115kV (sub-transmission). Sources: 'Homer Hill - 115kV 34.5kV Asset Rpl' states 115kV; Gold Book Table VII match: Homer Hill 115kV.,Homer Hill - 115kV 34.5kV Asset Rpl [T_Station],high
216,FN010078,Transm Net,25.0,19.84,sub_tx,115,gold_book_station_match,All identified voltages are 69-115kV (sub-transmission). Sources: Gold Book Table VII match: Hoosick 115kV station.,Hoosick - Replace Bank 1 & Relays [T_Station],high
217,FN010094,Transm Net,130.0,315.01,sub_tx,115,gold_book_station_match,All identified voltages are 69-115kV (sub-transmission). Sources: Gold Book Table VII match: Katherine St Terminal 115/23kV.,Katherine St Term 115/23kV Sub [T_Station]; Katherine St Term L145/146 T-Line [T_Line]; Katherine St TERM STA 23KV SubT [D_Line]; Land-First Ward Terminal Station [T_Station],high
218,FN011642,Transm Net,550.0,724.04,sub_tx,69/115/345,mixed_voltage_capital_weighted,"Mixed voltages found: [69, 115, 345]. Bulk-voltage capital: $158,656k / $724,043k (21.9%). Bulk sub-projects: 'Marshville TLine New Substation' ($11,471k) — station 'marshville' matches Gold Book ≥230kV entry; 'Land-Marshville Substation CLCPA' ($418k) — station 'marshville' matches Gold Book ≥230kV entry; 'Marshville New Substation' ($146,767k) — station 'marshville' matches Gold Book ≥230kV entry. Classified as sub_tx based on capital weighting. Sources: 'Meco 115kV Rebuild' states 115kV; 'Marshville 115kV Rebuild' states 115kV; 'MVT Rott 69kV Rebuild & New TB' states 69kV; 'MVT Rott 69kV Rebuild & New TB - CH' states 69kV; Gold Book Table VII match: Ames Road Station (Marshville) 345/115kV CLCPA; Gold Book Table VII match: Manheim (Inghams) 115kV PAR replacement; Gold Book Table VII match: Rotterdam 115kV terminal equipment; Gold Book Table VII match: Rotterdam 69kV substation rebuild; Gold Book Table VII match: Marshville 115/69kV rebuild; Gold Book Table VII match: Meco 115/69kV rebuild; Gold Book Table VII match: Saltsman Road 115kV station.",Gloversville - Marshville #6 Refurb [T_Line]; Inghams/Rotterdam Circuit Rebuild [T_Line]; Marshville Tap Reconfiguration [T_Line]; Marshville TLine New Substation [T_Line]; Meco 115kV Rebuild [T_Station]; Rotterdam LN10 &LN 12 THERM UPG [T_Station]; Land-Marshville Substation CLCPA [T_Station]; Marshville New Substation [T_Station]; Marshville 115kV Rebuild [T_Station]; Meco Station Rebuild [T_Station]; MVT Rott 69kV Rebuild & New TB [T_Station]; MVT Rott 69kV Rebuild & New TB - CH [T_Station]; MVT Scho/Sch Int-Rott 18/4 Rebld [T_Line]; Saltsman Rd New 5 Breaker Ring [T_Station],medium
219,FN011630,Transm Net,40.0,14.32,sub_tx,115,fn_to_gold_book_manual_match,"All identified voltages are 69-115kV (sub-transmission). Sources: Sub-project 'Lasher Rebuild': T_Station invest type, sub-TX station rebuild. Not in Gold Book Table VII. Classified as 115kV: consistent with all other NiMo station rebuilds in the study (e.g., Taylorville, Middle Road, Homer Hill)..",Lasher Rebuild [T_Station],high
220,FN010084,Transm Net,5.0,106.57,sub_tx,115,gold_book_station_match,All identified voltages are 69-115kV (sub-transmission). Sources: Gold Book Table VII match: Lockport 115kV substation rebuild.,Lockport - Rebuild T-line work [T_Line]; Lockport Sub - Remote End Work [T_Station]; Lockport Sub Rebuild CH [T_Station]; LockportSubstationRebuildCo36TxT [T_Station],high
221,FN008253,Transm Net,312.0,173.04,sub_tx,115,gold_book_station_match,All identified voltages are 69-115kV (sub-transmission). Sources: Gold Book Table VII match: Lockport-Batavia 115kV lines 107/108/112; Gold Book Table VII match: Lockport 115kV substation rebuild.,Lockport-Batavia 107 Rebuild [T_Line],high
222,FN008254,Transm Net,312.0,202.91,sub_tx,115,gold_book_station_match,All identified voltages are 69-115kV (sub-transmission). Sources: Gold Book Table VII match: Lockport-Batavia 115kV lines 107/108/112; Gold Book Table VII match: Lockport 115kV substation rebuild.,Lockport-Batavia 108 Rebuild [T_Line],high
223,FN008453,Transm Net,200.0,18.28,sub_tx,115,gold_book_station_match,All identified voltages are 69-115kV (sub-transmission). Sources: Gold Book Table VII match: Malone 115kV PAR / substation.,Malone PAR [T_Station],high
224,FN013571,Transm Net,1100.0,142.21,bulk_tx,345,known_project_name,"All identified voltages are ≥230kV. Sources: 'Niagara - Dysinger 345kV Line Work' states 345kV; 'Niagara Dysinger 345kV (NextEra)' states 345kV; 'Niagara-Dysinger 345kV - NYPA's Sta' states 345kV; Project name contains 'Niagara-Dysinger', known 345kV corridor.",Niagara - Dysinger 345kV Line Work [T_Line]; Niagara Dysinger 345kV (NextEra) [T_Station]; Niagara-Dysinger 345kV - NYPA's Sta [T_Station],high
225,FN013182,Transm Net,844.0,114.12,sub_tx,115,gold_book_station_match,All identified voltages are 69-115kV (sub-transmission). Sources: Gold Book Table VII match: Oneida 115kV station rebuild.,Oneida-Rome LN1 new DCT - Line work [T_Line],high
226,FN013318,Transm Net,104.0,2.05,sub_tx,115,finaldata_voltage_plus_gold_book,All identified voltages are 69-115kV (sub-transmission). Sources: 'Porter-Inghams 115kV DCT Rebuild' states 115kV; Gold Book Table VII match: Manheim (Inghams) 115kV PAR replacement.,Porter-Inghams 115kV DCT Rebuild [T_Line],high
227,FN008063,Transm Net,40.0,3.08,sub_tx,115,gold_book_station_match,All identified voltages are 69-115kV (sub-transmission). Sources: Gold Book Table VII match: Cortland-Clarks Corners 115kV.,Recond Cortland Clarks Corners [T_Line],high
228,FN010255,Transm Net,24.0,3.37,sub_tx,115,gold_book_station_match,All identified voltages are 69-115kV (sub-transmission). Sources: Gold Book Table VII match: South Oswego 115kV substation.,S.Oswego-Curtis 10 Rebuild [T_Line],high
229,FN008472,Transm Net,10.0,3.58,sub_tx,115,station_type_analogy,"All identified voltages are 69-115kV (sub-transmission). Sources: Sub-project 'Seneca #5 TRF Asset Replace': T_Station invest type, transformer replacement at an existing sub-TX station. Consistent with NiMo's sub-TX network architecture at 115kV..",Seneca #5 TRF Asset Replace [T_Station],medium
230,FN008116,Transm Net,30.0,163.73,sub_tx,115,gold_book_station_match,All identified voltages are 69-115kV (sub-transmission). Sources: Gold Book Table VII match: Sleight Rd-Auburn 115kV line 3.,Sleight Rd-Auburn #3 Rebuild [T_Line],high
231,FN008374,Transm Net,1000.0,928.93,bulk_tx,230/345,known_project_name,"All identified voltages are ≥230kV. Sources: Well-known NYISO project: Smart Path Connect (230/345kV, Queue 1125).",Smart Path Connect - T Line [T_Line],high
232,FN008262,Transm Net,97.0,60.89,sub_tx,115,gold_book_station_match,All identified voltages are 69-115kV (sub-transmission). Sources: Gold Book Table VII match: South Oswego-Geres Lock 115kV line 9; Gold Book Table VII match: South Oswego 115kV substation.,South Oswego-Geres Lock 9 Rebuild [T_Line],high
233,FN008260,Transm Net,40.0,0.56,sub_tx,115,gold_book_station_match,All identified voltages are 69-115kV (sub-transmission). Sources: Gold Book Table VII match: Mohican 115kV/34.5kV station.,Spier-Mohican/Spier-Butler Rebuild [T_Line],high
234,FN008683,Transm Net,10.0,50.73,sub_tx,115,fn_to_gold_book_manual_match,All identified voltages are 69-115kV (sub-transmission). Sources: Sub-project 'Teall Ave - Asset Replacement': T_Station invest type. Not in Gold Book Table VII. Classified as 115kV sub-TX station: consistent with NiMo's sub-TX network architecture..,Teall Ave - Asset Replacement [T_Station],high
235,FN013316,Transm Net,11.0,9.8,sub_tx,115,gold_book_station_match,All identified voltages are 69-115kV (sub-transmission). Sources: Gold Book Table VII match: Oneida 115kV station rebuild.,Teall-Oneida LN2 & LN5 DCT Rebuild [T_Line],high
236,FN011646,Transm Net,10.0,6.3,sub_tx,115,fn_to_gold_book_manual_match,All identified voltages are 69-115kV (sub-transmission). Sources: Sub-project 'Higley': T_Station invest type. Not in Gold Book Table VII. Classified as 115kV: consistent with NiMo's sub-TX network..,Higley [T_Station],high
237,FN013525,Transm Net,10.0,18.64,sub_tx,115,fn_to_gold_book_manual_match,All identified voltages are 69-115kV (sub-transmission). Sources: Sub-projects 'Tilden - Asset Rplc CH' and 'Tilden: Asset Replacement': T_Station invest type. Not in Gold Book Table VII. Classified as 115kV: consistent with NiMo's sub-TX network..,Tilden - Asset Rplc CH [T_Station]; Tilden: Asset Replacement [T_Station],high
238,FN011289,Transm Net,25.0,2.92,sub_tx,115,numbered_station_sub_tx_tap,All identified voltages are 69-115kV (sub-transmission). Sources: Sub-projects 'Tonawanda Area Study-STA 129 Tap' (T_Line) and 'Upgrade and Convert STA 129 SUB' (D_Station). STA 129 is a numbered station in NiMo's sub-TX network. The T_Line component is a 115kV tap..,Tonawanda Area Study-STA 129 Tap [T_Line]; Upgrade and Convert STA 129 SUB [D_Station],medium
239,FN011396,Transm Net,25.0,33.61,sub_tx,115,numbered_station_sub_tx_tap,"All identified voltages are 69-115kV (sub-transmission). Sources: Sub-projects 'Tonawanda Area Study-STA74 new tap' (T_Line) and 'Upgrade and Convert STA 74' (D_Line, D_Station). STA 74 is a numbered station in NiMo's sub-TX network. The T_Line component is a 115kV tap to serve the upgraded station..",Tonawanda Area Study-STA74 new tap [T_Line]; Upgrade and Convert STA 74 D-Line [D_Line]; Upgrade and Convert STA 74 SUB [D_Station],medium
240,FN013572,Transm Net,200.0,156.37,sub_tx,115,fn_to_gold_book_manual_match,"All identified voltages are 69-115kV (sub-transmission). Sources: Sub-projects 'West Lysander Station - CH/Line Work/Substation' describe a new transmission station. Not explicitly in Gold Book Table VII. Classified as 115kV sub-TX: all comparable NiMo greenfield transmission stations in the Gold Book (Boonville, Tar Hill, Saltsman Road, East Avenue, Maiden Lane) are at 115kV. No evidence of ≥230kV..",West Lysander Station - CH [T_Station]; West Lysander Station - Line Work [T_Line]; West Lysander Station- Substation [T_Station],high
241,FN010101,Transm Net,100.0,238.8,sub_tx,115,gold_book_station_match,All identified voltages are 69-115kV (sub-transmission). Sources: Gold Book Table VII match: Gardenville-Dunkirk 115kV lines 141/142.,Gard-Dun 141-142 N Phase Rebuild [T_Line],high
